Workbook

Sheet How to use
A1: Sahai v1 — Acceptance Tests
A2: Purpose | B2: Pass/fail checks for every rule in the PRD. A milestone is done when all its Must tests pass (PRD section 16).
A3: Source | B3: GTD AI (Sahai) PRD. The PRD § column names the section each test checks.
A5: Columns you edit | B5: Status, Tested on and Notes (shaded yellow on the Tests tab). Everything else is the test definition.
A6: Status values | B6: Not run · Pass · Fail · Blocked (pick from the dropdown).
A7: Priority | B7: Must = required for the milestone to be done. Should = expected, can slip one milestone.
A8: Checked by | B8: Founder = testable by using the app. Developer = needs the database, logs or tools to verify.
A9: Example entry | B9: Status: Fail · Tested on: 2026-11-03 · Notes: 1.2 appeared only after restarting the app
A11: Default settings assumed | B11: Day starts at 4:00 AM · Presets: Tonight 8 PM, Tomorrow morning 8 AM, 3 days later 8 AM, Next week Monday 8 AM · Recurring items show 3 days early · Reminder time 9:00 AM · Undo window 5 seconds (all from the PRD).
A12: Dates used | B12: Examples use November 2026 (Nov 1 is a Sunday). The four credit card bills follow PRD section 7: HDFC 5th, SBI 12th, ICICI 18th, Axis 25th.
A13: Weekly cycle | B13: Re-run Fail and Blocked tests after each build, plus every Must test of the current milestone. Re-run all Must tests before the tester trial.

Sheet Summary
A1: Milestone | B1: Name | C1: Tests | D1: Must | E1: Pass | F1: Fail | G1: Blocked | H1: Not run | I1: % passed | J1: Musts passed | K1: Milestone done?
A2: M1 | B2: Foundations | C2: =COUNTIFS(Tests!$B$2:$B$125,A2) -> 12 | D2: =COUNTIFS(Tests!$B$2:$B$125,A2,Tests!$I$2:$I$125,"Must") -> 11 | E2: =COUNTIFS(Tests!$B$2:$B$125,A2,Tests!$K$2:$K$125,"Pass") -> 0 | F2: =COUNTIFS(Tests!$B$2:$B$125,A2,Tests!$K$2:$K$125,"Fail") -> 0 | G2: =COUNTIFS(Tests!$B$2:$B$125,A2,Tests!$K$2:$K$125,"Blocked") -> 0 | H2: =COUNTIFS(Tests!$B$2:$B$125,A2,Tests!$K$2:$K$125,"Not run") -> 12 | I2: =IFERROR(E2/C2,0) -> 0 | J2: =COUNTIFS(Tests!$B$2:$B$125,A2,Tests!$I$2:$I$125,"Must",Tests!$K$2:$K$125,"Pass") -> 0 | K2: =IF(AND(D2>0,J2=D2),"Yes","Not yet") -> Not yet
A3: M2 | B3: Core loop | C3: =COUNTIFS(Tests!$B$2:$B$125,A3) -> 20 | D3: =COUNTIFS(Tests!$B$2:$B$125,A3,Tests!$I$2:$I$125,"Must") -> 17 | E3: =COUNTIFS(Tests!$B$2:$B$125,A3,Tests!$K$2:$K$125,"Pass") -> 0 | F3: =COUNTIFS(Tests!$B$2:$B$125,A3,Tests!$K$2:$K$125,"Fail") -> 0 | G3: =COUNTIFS(Tests!$B$2:$B$125,A3,Tests!$K$2:$K$125,"Blocked") -> 0 | H3: =COUNTIFS(Tests!$B$2:$B$125,A3,Tests!$K$2:$K$125,"Not run") -> 20 | I3: =IFERROR(E3/C3,0) -> 0 | J3: =COUNTIFS(Tests!$B$2:$B$125,A3,Tests!$I$2:$I$125,"Must",Tests!$K$2:$K$125,"Pass") -> 0 | K3: =IF(AND(D3>0,J3=D3),"Yes","Not yet") -> Not yet
A4: M3 | B4: Set aside | C4: =COUNTIFS(Tests!$B$2:$B$125,A4) -> 28 | D4: =COUNTIFS(Tests!$B$2:$B$125,A4,Tests!$I$2:$I$125,"Must") -> 22 | E4: =COUNTIFS(Tests!$B$2:$B$125,A4,Tests!$K$2:$K$125,"Pass") -> 0 | F4: =COUNTIFS(Tests!$B$2:$B$125,A4,Tests!$K$2:$K$125,"Fail") -> 0 | G4: =COUNTIFS(Tests!$B$2:$B$125,A4,Tests!$K$2:$K$125,"Blocked") -> 0 | H4: =COUNTIFS(Tests!$B$2:$B$125,A4,Tests!$K$2:$K$125,"Not run") -> 28 | I4: =IFERROR(E4/C4,0) -> 0 | J4: =COUNTIFS(Tests!$B$2:$B$125,A4,Tests!$I$2:$I$125,"Must",Tests!$K$2:$K$125,"Pass") -> 0 | K4: =IF(AND(D4>0,J4=D4),"Yes","Not yet") -> Not yet
A5: M4 | B5: Recurring items | C5: =COUNTIFS(Tests!$B$2:$B$125,A5) -> 22 | D5: =COUNTIFS(Tests!$B$2:$B$125,A5,Tests!$I$2:$I$125,"Must") -> 17 | E5: =COUNTIFS(Tests!$B$2:$B$125,A5,Tests!$K$2:$K$125,"Pass") -> 0 | F5: =COUNTIFS(Tests!$B$2:$B$125,A5,Tests!$K$2:$K$125,"Fail") -> 0 | G5: =COUNTIFS(Tests!$B$2:$B$125,A5,Tests!$K$2:$K$125,"Blocked") -> 0 | H5: =COUNTIFS(Tests!$B$2:$B$125,A5,Tests!$K$2:$K$125,"Not run") -> 22 | I5: =IFERROR(E5/C5,0) -> 0 | J5: =COUNTIFS(Tests!$B$2:$B$125,A5,Tests!$I$2:$I$125,"Must",Tests!$K$2:$K$125,"Pass") -> 0 | K5: =IF(AND(D5>0,J5=D5),"Yes","Not yet") -> Not yet
A6: M5 | B6: Groups and order | C6: =COUNTIFS(Tests!$B$2:$B$125,A6) -> 12 | D6: =COUNTIFS(Tests!$B$2:$B$125,A6,Tests!$I$2:$I$125,"Must") -> 9 | E6: =COUNTIFS(Tests!$B$2:$B$125,A6,Tests!$K$2:$K$125,"Pass") -> 0 | F6: =COUNTIFS(Tests!$B$2:$B$125,A6,Tests!$K$2:$K$125,"Fail") -> 0 | G6: =COUNTIFS(Tests!$B$2:$B$125,A6,Tests!$K$2:$K$125,"Blocked") -> 0 | H6: =COUNTIFS(Tests!$B$2:$B$125,A6,Tests!$K$2:$K$125,"Not run") -> 12 | I6: =IFERROR(E6/C6,0) -> 0 | J6: =COUNTIFS(Tests!$B$2:$B$125,A6,Tests!$I$2:$I$125,"Must",Tests!$K$2:$K$125,"Pass") -> 0 | K6: =IF(AND(D6>0,J6=D6),"Yes","Not yet") -> Not yet
A7: M6 | B7: Capture | C7: =COUNTIFS(Tests!$B$2:$B$125,A7) -> 10 | D7: =COUNTIFS(Tests!$B$2:$B$125,A7,Tests!$I$2:$I$125,"Must") -> 9 | E7: =COUNTIFS(Tests!$B$2:$B$125,A7,Tests!$K$2:$K$125,"Pass") -> 0 | F7: =COUNTIFS(Tests!$B$2:$B$125,A7,Tests!$K$2:$K$125,"Fail") -> 0 | G7: =COUNTIFS(Tests!$B$2:$B$125,A7,Tests!$K$2:$K$125,"Blocked") -> 0 | H7: =COUNTIFS(Tests!$B$2:$B$125,A7,Tests!$K$2:$K$125,"Not run") -> 10 | I7: =IFERROR(E7/C7,0) -> 0 | J7: =COUNTIFS(Tests!$B$2:$B$125,A7,Tests!$I$2:$I$125,"Must",Tests!$K$2:$K$125,"Pass") -> 0 | K7: =IF(AND(D7>0,J7=D7),"Yes","Not yet") -> Not yet
A8: M7 | B8: Polish and safety | C8: =COUNTIFS(Tests!$B$2:$B$125,A8) -> 16 | D8: =COUNTIFS(Tests!$B$2:$B$125,A8,Tests!$I$2:$I$125,"Must") -> 7 | E8: =COUNTIFS(Tests!$B$2:$B$125,A8,Tests!$K$2:$K$125,"Pass") -> 0 | F8: =COUNTIFS(Tests!$B$2:$B$125,A8,Tests!$K$2:$K$125,"Fail") -> 0 | G8: =COUNTIFS(Tests!$B$2:$B$125,A8,Tests!$K$2:$K$125,"Blocked") -> 0 | H8: =COUNTIFS(Tests!$B$2:$B$125,A8,Tests!$K$2:$K$125,"Not run") -> 16 | I8: =IFERROR(E8/C8,0) -> 0 | J8: =COUNTIFS(Tests!$B$2:$B$125,A8,Tests!$I$2:$I$125,"Must",Tests!$K$2:$K$125,"Pass") -> 0 | K8: =IF(AND(D8>0,J8=D8),"Yes","Not yet") -> Not yet
A9: M8 | B9: Release prep | C9: =COUNTIFS(Tests!$B$2:$B$125,A9) -> 4 | D9: =COUNTIFS(Tests!$B$2:$B$125,A9,Tests!$I$2:$I$125,"Must") -> 3 | E9: =COUNTIFS(Tests!$B$2:$B$125,A9,Tests!$K$2:$K$125,"Pass") -> 0 | F9: =COUNTIFS(Tests!$B$2:$B$125,A9,Tests!$K$2:$K$125,"Fail") -> 0 | G9: =COUNTIFS(Tests!$B$2:$B$125,A9,Tests!$K$2:$K$125,"Blocked") -> 0 | H9: =COUNTIFS(Tests!$B$2:$B$125,A9,Tests!$K$2:$K$125,"Not run") -> 4 | I9: =IFERROR(E9/C9,0) -> 0 | J9: =COUNTIFS(Tests!$B$2:$B$125,A9,Tests!$I$2:$I$125,"Must",Tests!$K$2:$K$125,"Pass") -> 0 | K9: =IF(AND(D9>0,J9=D9),"Yes","Not yet") -> Not yet
A10: Total | B10: v1 | C10: =SUM(C2:C9) -> 124 | D10: =SUM(D2:D9) -> 95 | E10: =SUM(E2:E9) -> 0 | F10: =SUM(F2:F9) -> 0 | G10: =SUM(G2:G9) -> 0 | H10: =SUM(H2:H9) -> 124 | I10: =IFERROR(E10/C10,0) -> 0 | J10: =SUM(J2:J9) -> 0 | K10: =IF(AND(D10>0,J10=D10),"Yes","Not yet") -> Not yet
A12: All counts are formulas over the Tests tab; a milestone is done when every Must test passes (PRD section 16).

Sheet Tests
A1: ID | B1: Milestone | C1: Area | D1: PRD § | E1: Scenario | F1: Given | G1: When | H1: Then | I1: Priority | J1: Checked by | K1: Status | L1: Tested on | M1: Notes
A2: AT-001 | B2: M1 | C2: Tree structure | D2: 4, 8.4 | E2: Create every node type | F2: A fresh install with no data | G2: The user creates a domain, a stream, a stream item, a project, a task and a subtask in the Explorer | H2: Each appears under its parent with the right type and stays after closing and reopening the app | I2: Must | J2: Founder | K2: Not run
A3: AT-002 | B3: M1 | C3: Tree structure | D3: 4 | E3: Only valid children can be added | F3: A domain, a stream, a project, a task, a subtask and a stream item exist | G3: The user opens the add menu on each | H3: Domain offers stream or project; stream offers stream item only; project offers task only; task offers subtask only; subtask and stream item offer nothing | I3: Must | J3: Founder | K3: Not run
A4: AT-003 | B4: M1 | C4: Tree structure | D4: 4, 5 | E4: Domains and streams have no status | F4: A domain and a stream exist | G4: The user opens each one's options in the Explorer | H4: Neither offers a checkmark or Mark done | I4: Must | J4: Founder | K4: Not run
A5: AT-004 | B5: M1 | C5: Ordering | D5: 8.4 | E5: Reorder sequential tasks | F5: A project has Task 1, Task 2 and Task 3 | G5: The user moves Task 3 above Task 1 | H5: The order reads Task 3, Task 1, Task 2, and stays that way after restarting the app | I5: Must | J5: Founder | K5: Not run
A6: AT-005 | B6: M1 | C6: Ordering | D6: 8.4 | E6: Reorder subtasks and stream items | F6: A task has Subtasks A, B, C and a stream has Items X, Y, Z | G6: The user moves C to the top and Z to the top | H6: Orders read C, A, B and Z, X, Y, and persist after restart | I6: Must | J6: Founder | K6: Not run
A7: AT-006 | B7: M1 | C7: Tree structure | D7: 8.4 | E7: Move an item to another parent | F7: Subtask S sits under Task A; Task B is in the same project | G7: The user moves S to Task B | H7: S appears under Task B and no longer under Task A | I7: Should | J7: Founder | K7: Not run
A8: AT-007 | B8: M1 | C8: Locks | D8: 4, 8.4 | E8: Locked tasks are marked | F8: A project has Task 1 (TODO) and Task 2 (TODO) | G8: The user views the project in the Explorer | H8: Task 2 is visibly marked as locked; Task 1 is not | I8: Must | J8: Founder | K8: Not run
A9: AT-008 | B9: M1 | C9: Delete | D9: 7 | E9: Delete with Undo | F9: A project with three tasks exists | G9: The user deletes the project, then taps Undo within 5 seconds | H9: The project and all three tasks are back exactly as before | I9: Must | J9: Founder | K9: Not run
A10: AT-009 | B10: M1 | C10: Delete | D10: 5, 7 | E10: Deleted items vanish but stay in the database | F10: A project was deleted and the Undo window has passed | G10: The user checks every screen; the developer inspects the database | H10: The project and its tasks appear nowhere in the app; their rows still exist with is_deleted = true | I10: Must | J10: Developer | K10: Not run
A11: AT-010 | B11: M1 | C11: Data | D11: 3, 10 | E11: Sync-ready fields are set | F11: Any new node is created | G11: The developer inspects its row, then the user edits its title | H11: The id is a UUID; updated_at is a UTC time and changes after the edit | I11: Must | J11: Developer | K11: Not run
A12: AT-011 | B12: M1 | C12: Data | D12: 3, 13 | E12: No Internet permission in v1 | F12: The v1 release build is installed | G12: The user opens the app's info page in Android settings | H12: No Internet (network) permission is listed | I12: Must | J12: Founder | K12: Not run
A13: AT-012 | B13: M1 | C13: Data | D13: 13 | E13: Schema migration keeps data | F13: A build with real data is installed | G13: A newer build with a schema change is installed over it | H13: All data is intact, and a copy of the old database was made before migrating | I13: Must | J13: Developer | K13: Not run
... A125: AT-124 | B125: M8 | C125: Release | D125: 16 | E125: Icon and name | F125: The release build is installed | G125: The user checks the launcher and the store listing | H125: The final icon and the name Sahai appear | I125: Should | J125: Founder | K125: Not run
